{"is_source_file": true, "format": "Python", "description": "This is a FastAPI backend source file for a recipe exploration application. It defines API endpoints for health checks, listing categories and recipes, searching recipes by ingredients, and managing recipe ratings, along with database connection setup and models.", "external_files": ["fastapi", "pydantic", "sqlalchemy", "sqlalchemy.exc", "typing", "os"], "external_methods": ["get_db", "Depends", "HTTPException", "text", "create_engine", "sessionmaker", "Field", "BaseModel"], "published": ["health_check", "list_categories", "list_recipes", "get_recipe", "search_recipes", "create_rating", "list_ratings"], "classes": [{"name": "CategoryOut", "description": "Pydantic model representing a recipe category with id and name."}, {"name": "IngredientOut", "description": "Pydantic model for recipe ingredient details, including optional quantity."}, {"name": "RecipeListItemOut", "description": "Model for summarizing recipe information in list views, including ratings."}, {"name": "RecipeDetailOut", "description": "Detailed recipe view with ingredients and rating summary."}, {"name": "RatingCreateIn", "description": "Input model for creating a new recipe rating."}, {"name": "RatingOut", "description": "Output model for recipe ratings, including timestamps."}], "methods": [{"name": "str _normalize_database_url(raw: str)", "description": "Normalizes a raw database URL string to a SQLAlchemy-compatible format.", "scope": "", "scopeKind": ""}, {"name": "Engine _build_engine()", "description": "Creates a SQLAlchemy Engine object based on the environment variable 'DATABASE_URL'.", "scope": "", "scopeKind": ""}, {"name": "Tuple[int,int] _parse_pagination(page: int, size: int)", "description": "Converts page and size parameters to limit and offset for SQL queries.", "scope": "", "scopeKind": ""}, {"name": "List[str] _csv_ingredients(raw: str)", "description": "Parses a comma-separated string of ingredients into a list of lowercase strings.", "scope": "", "scopeKind": ""}, {"name": "Session get_db()", "description": "Provides a SQLAlchemy session for database operations as a FastAPI dependency.", "scope": "", "scopeKind": ""}, {"name": "RatingOut create_rating(id: int, payload: RatingCreateIn, db: Session = Depends(get_db))", "scope": "", "scopeKind": "", "description": "unavailable"}, {"name": "RecipeDetailOut get_recipe(id: int, db: Session = Depends(get_db))", "scope": "", "scopeKind": "", "description": "unavailable"}, {"name": "Dict[str,str] health_check()", "scope": "", "scopeKind": "", "description": "unavailable"}, {"name": "List[CategoryOut] list_categories(db: Session = Depends(get_db))", "scope": "", "scopeKind": "", "description": "unavailable"}, {"name": "List[RatingOut] list_ratings(id: int, db: Session = Depends(get_db))", "scope": "", "scopeKind": "", "description": "unavailable"}, {"name": "Dict[str,Any] list_recipes( category_id: Optional[int] = Query(None, description=\"Filter recipes by category ID.\"), ingredient: Optional[str] = Query(None, description=\"Filter recipes containing an ingredient (case-insensitive, partial match).\"), page: int = Query(1, ge=1, description=\"1-based page number.\"), size: int = Query(12, ge=1, le=100, description=\"Page size (max 100).\"), db: Session = Depends(get_db), )", "scope": "", "scopeKind": "", "description": "unavailable"}, {"name": "List[RecipeListItemOut] search_recipes( ingredients: str = Query(..., description=\"Comma-separated list of ingredient names. Matches ALL ingredients.\"), page: int = Query(1, ge=1, description=\"1-based page number.\"), size: int = Query(12, ge=1, le=100, description=\"Page size (max 100).\"), db: Session = Depends(get_db), )", "scope": "", "scopeKind": "", "description": "unavailable"}], "calls": ["text('SELECT id, name FROM categories ORDER BY name ASC')", "text(count_sql)", "text(list_sql)", "text(recipe_sql)", "text(ingredients_sql)", "text('SELECT 1 FROM recipes WHERE id = :id')", "text('SELECT id, recipe_id, user_name, score, comment, created_at FROM ratings WHERE recipe_id = :recipe_id ORDER BY created_at DESC, id DESC')", "text('INSERT INTO ratings (recipe_id, user_name, score, comment) VALUES (:recipe_id, :user_name, :score, :comment) RETURNING id, recipe_id, user_name, score, comment, created_at')"], "search-terms": ["FastAPI backend", "recipe exploration", "recipe API", "recipes endpoint", "ratings management", "SQLAlchemy database connection", "recipe search by ingredients", "GET /recipes", "GET /categories", "POST /recipes/{id}/ratings"], "state": 2, "file_id": 3, "knowledge_revision": 10, "git_revision": "100ec9209587222e4e84a23eb5980493aec53880", "revision_history": [{"8": "100ec9209587222e4e84a23eb5980493aec53880"}, {"10": "100ec9209587222e4e84a23eb5980493aec53880"}], "ctags": [{"_type": "tag", "name": "CategoryOut", "path": "/home/kavia/workspace/code-generation/recipe-explorer-200711-200723/backend_fastapi/src/api/main.py", "pattern": "/^class CategoryOut(BaseModel):$/", "language": "Python", "kind": "class"}, {"_type": "tag", "name": "ENGINE", "path": "/home/kavia/workspace/code-generation/recipe-explorer-200711-200723/backend_fastapi/src/api/main.py", "pattern": "/^ENGINE = _build_engine()$/", "language": "Python", "kind": "variable"}, {"_type": "tag", "name": "IngredientOut", "path": "/home/kavia/workspace/code-generation/recipe-explorer-200711-200723/backend_fastapi/src/api/main.py", "pattern": "/^class IngredientOut(BaseModel):$/", "language": "Python", "kind": "class"}, {"_type": "tag", "name": "OPENAPI_TAGS", "path": "/home/kavia/workspace/code-generation/recipe-explorer-200711-200723/backend_fastapi/src/api/main.py", "pattern": "/^OPENAPI_TAGS = [$/", "language": "Python", "kind": "variable"}, {"_type": "tag", "name": "RatingCreateIn", "path": "/home/kavia/workspace/code-generation/recipe-explorer-200711-200723/backend_fastapi/src/api/main.py", "pattern": "/^class RatingCreateIn(BaseModel):$/", "language": "Python", "kind": "class"}, {"_type": "tag", "name": "RatingOut", "path": "/home/kavia/workspace/code-generation/recipe-explorer-200711-200723/backend_fastapi/src/api/main.py", "pattern": "/^class RatingOut(BaseModel):$/", "language": "Python", "kind": "class"}, {"_type": "tag", "name": "RecipeDetailOut", "path": "/home/kavia/workspace/code-generation/recipe-explorer-200711-200723/backend_fastapi/src/api/main.py", "pattern": "/^class RecipeDetailOut(BaseModel):$/", "language": "Python", "kind": "class"}, {"_type": "tag", "name": "RecipeListItemOut", "path": "/home/kavia/workspace/code-generation/recipe-explorer-200711-200723/backend_fastapi/src/api/main.py", "pattern": "/^class RecipeListItemOut(BaseModel):$/", "language": "Python", "kind": "class"}, {"_type": "tag", "name": "SessionLocal", "path": "/home/kavia/workspace/code-generation/recipe-explorer-200711-200723/backend_fastapi/src/api/main.py", "pattern": "/^SessionLocal = sessionmaker(bind=ENGINE, autocommit=False, autoflush=False)$/", "language": "Python", "kind": "variable"}, {"_type": "tag", "name": "_build_engine", "path": "/home/kavia/workspace/code-generation/recipe-explorer-200711-200723/backend_fastapi/src/api/main.py", "pattern": "/^def _build_engine() -> Engine:$/", "language": "Python", "typeref": "typename:Engine", "kind": "function", "signature": "()"}, {"_type": "tag", "name": "_csv_ingredients", "path": "/home/kavia/workspace/code-generation/recipe-explorer-200711-200723/backend_fastapi/src/api/main.py", "pattern": "/^def _csv_ingredients(raw: str) -> List[str]:$/", "language": "Python", "typeref": "typename:List[str]", "kind": "function", "signature": "(raw: str)"}, {"_type": "tag", "name": "_normalize_database_url", "path": "/home/kavia/workspace/code-generation/recipe-explorer-200711-200723/backend_fastapi/src/api/main.py", "pattern": "/^def _normalize_database_url(raw: str) -> str:$/", "language": "Python", "typeref": "typename:str", "kind": "function", "signature": "(raw: str)"}, {"_type": "tag", "name": "_parse_pagination", "path": "/home/kavia/workspace/code-generation/recipe-explorer-200711-200723/backend_fastapi/src/api/main.py", "pattern": "/^def _parse_pagination(page: int, size: int) -> Tuple[int, int]:$/", "language": "Python", "typeref": "typename:Tuple[int,int]", "kind": "function", "signature": "(page: int, size: int)"}, {"_type": "tag", "name": "app", "path": "/home/kavia/workspace/code-generation/recipe-explorer-200711-200723/backend_fastapi/src/api/main.py", "pattern": "/^app = FastAPI($/", "language": "Python", "kind": "variable"}, {"_type": "tag", "name": "avg_rating", "path": "/home/kavia/workspace/code-generation/recipe-explorer-200711-200723/backend_fastapi/src/api/main.py", "pattern": "/^    avg_rating: Optional[float] = Field(None, description=\"Average rating score (1-5).\")$/", "language": "Python", "typeref": "typename:Optional[float]", "kind": "variable", "scope": "RecipeDetailOut", "scopeKind": "class"}, {"_type": "tag", "name": "avg_rating", "path": "/home/kavia/workspace/code-generation/recipe-explorer-200711-200723/backend_fastapi/src/api/main.py", "pattern": "/^    avg_rating: Optional[float] = Field(None, description=\"Average rating score (1-5).\")$/", "language": "Python", "typeref": "typename:Optional[float]", "kind": "variable", "scope": "RecipeListItemOut", "scopeKind": "class"}, {"_type": "tag", "name": "category_id", "path": "/home/kavia/workspace/code-generation/recipe-explorer-200711-200723/backend_fastapi/src/api/main.py", "pattern": "/^    category_id: Optional[int] = Field(None, description=\"Category ID.\")$/", "language": "Python", "typeref": "typename:Optional[int]", "kind": "variable", "scope": "RecipeDetailOut", "scopeKind": "class"}, {"_type": "tag", "name": "category_id", "path": "/home/kavia/workspace/code-generation/recipe-explorer-200711-200723/backend_fastapi/src/api/main.py", "pattern": "/^    category_id: Optional[int] = Field(None, description=\"Category ID.\")$/", "language": "Python", "typeref": "typename:Optional[int]", "kind": "variable", "scope": "RecipeListItemOut", "scopeKind": "class"}, {"_type": "tag", "name": "category_name", "path": "/home/kavia/workspace/code-generation/recipe-explorer-200711-200723/backend_fastapi/src/api/main.py", "pattern": "/^    category_name: Optional[str] = Field(None, description=\"Category name.\")$/", "language": "Python", "typeref": "typename:Optional[str]", "kind": "variable", "scope": "RecipeDetailOut", "scopeKind": "class"}, {"_type": "tag", "name": "category_name", "path": "/home/kavia/workspace/code-generation/recipe-explorer-200711-200723/backend_fastapi/src/api/main.py", "pattern": "/^    category_name: Optional[str] = Field(None, description=\"Category name.\")$/", "language": "Python", "typeref": "typename:Optional[str]", "kind": "variable", "scope": "RecipeListItemOut", "scopeKind": "class"}, {"_type": "tag", "name": "comment", "path": "/home/kavia/workspace/code-generation/recipe-explorer-200711-200723/backend_fastapi/src/api/main.py", "pattern": "/^    comment: Optional[str] = Field(None, description=\"Optional comment.\")$/", "language": "Python", "typeref": "typename:Optional[str]", "kind": "variable", "scope": "RatingOut", "scopeKind": "class"}, {"_type": "tag", "name": "comment", "path": "/home/kavia/workspace/code-generation/recipe-explorer-200711-200723/backend_fastapi/src/api/main.py", "pattern": "/^    comment: Optional[str] = Field(None, max_length=2000, description=\"Optional rating comment.\"/", "language": "Python", "typeref": "typename:Optional[str]", "kind": "variable", "scope": "RatingCreateIn", "scopeKind": "class"}, {"_type": "tag", "name": "create_rating", "path": "/home/kavia/workspace/code-generation/recipe-explorer-200711-200723/backend_fastapi/src/api/main.py", "pattern": "/^def create_rating(id: int, payload: RatingCreateIn, db: Session = Depends(get_db)) -> RatingOut:$/", "language": "Python", "typeref": "typename:RatingOut", "kind": "function", "signature": "(id: int, payload: RatingCreateIn, db: Session = Depends(get_db))"}, {"_type": "tag", "name": "created_at", "path": "/home/kavia/workspace/code-generation/recipe-explorer-200711-200723/backend_fastapi/src/api/main.py", "pattern": "/^    created_at: str = Field(..., description=\"Timestamp when rating was created (ISO 8601 string/", "language": "Python", "typeref": "typename:str", "kind": "variable", "scope": "RatingOut", "scopeKind": "class"}, {"_type": "tag", "name": "description", "path": "/home/kavia/workspace/code-generation/recipe-explorer-200711-200723/backend_fastapi/src/api/main.py", "pattern": "/^    description: Optional[str] = Field(None, description=\"Short description.\")$/", "language": "Python", "typeref": "typename:Optional[str]", "kind": "variable", "scope": "RecipeDetailOut", "scopeKind": "class"}, {"_type": "tag", "name": "description", "path": "/home/kavia/workspace/code-generation/recipe-explorer-200711-200723/backend_fastapi/src/api/main.py", "pattern": "/^    description: Optional[str] = Field(None, description=\"Short description.\")$/", "language": "Python", "typeref": "typename:Optional[str]", "kind": "variable", "scope": "RecipeListItemOut", "scopeKind": "class"}, {"_type": "tag", "name": "frontend_origin", "path": "/home/kavia/workspace/code-generation/recipe-explorer-200711-200723/backend_fastapi/src/api/main.py", "pattern": "/^frontend_origin = os.getenv(\"FRONTEND_ORIGIN\", \"http:\\/\\/localhost:3000\")$/", "language": "Python", "kind": "variable"}, {"_type": "tag", "name": "get_db", "path": "/home/kavia/workspace/code-generation/recipe-explorer-200711-200723/backend_fastapi/src/api/main.py", "pattern": "/^def get_db() -> Session:$/", "language": "Python", "typeref": "typename:Session", "kind": "function", "signature": "()"}, {"_type": "tag", "name": "get_recipe", "path": "/home/kavia/workspace/code-generation/recipe-explorer-200711-200723/backend_fastapi/src/api/main.py", "pattern": "/^def get_recipe(id: int, db: Session = Depends(get_db)) -> RecipeDetailOut:$/", "language": "Python", "typeref": "typename:RecipeDetailOut", "kind": "function", "signature": "(id: int, db: Session = Depends(get_db))"}, {"_type": "tag", "name": "health_check", "path": "/home/kavia/workspace/code-generation/recipe-explorer-200711-200723/backend_fastapi/src/api/main.py", "pattern": "/^def health_check() -> Dict[str, str]:$/", "language": "Python", "typeref": "typename:Dict[str,str]", "kind": "function", "signature": "()"}, {"_type": "tag", "name": "id", "path": "/home/kavia/workspace/code-generation/recipe-explorer-200711-200723/backend_fastapi/src/api/main.py", "pattern": "/^    id: int = Field(..., description=\"Category ID.\")$/", "language": "Python", "typeref": "typename:int", "kind": "variable", "scope": "CategoryOut", "scopeKind": "class"}, {"_type": "tag", "name": "id", "path": "/home/kavia/workspace/code-generation/recipe-explorer-200711-200723/backend_fastapi/src/api/main.py", "pattern": "/^    id: int = Field(..., description=\"Ingredient ID.\")$/", "language": "Python", "typeref": "typename:int", "kind": "variable", "scope": "IngredientOut", "scopeKind": "class"}, {"_type": "tag", "name": "id", "path": "/home/kavia/workspace/code-generation/recipe-explorer-200711-200723/backend_fastapi/src/api/main.py", "pattern": "/^    id: int = Field(..., description=\"Rating ID.\")$/", "language": "Python", "typeref": "typename:int", "kind": "variable", "scope": "RatingOut", "scopeKind": "class"}, {"_type": "tag", "name": "id", "path": "/home/kavia/workspace/code-generation/recipe-explorer-200711-200723/backend_fastapi/src/api/main.py", "pattern": "/^    id: int = Field(..., description=\"Recipe ID.\")$/", "language": "Python", "typeref": "typename:int", "kind": "variable", "scope": "RecipeDetailOut", "scopeKind": "class"}, {"_type": "tag", "name": "id", "path": "/home/kavia/workspace/code-generation/recipe-explorer-200711-200723/backend_fastapi/src/api/main.py", "pattern": "/^    id: int = Field(..., description=\"Recipe ID.\")$/", "language": "Python", "typeref": "typename:int", "kind": "variable", "scope": "RecipeListItemOut", "scopeKind": "class"}, {"_type": "tag", "name": "ingredients", "path": "/home/kavia/workspace/code-generation/recipe-explorer-200711-200723/backend_fastapi/src/api/main.py", "pattern": "/^    ingredients: List[IngredientOut] = Field(default_factory=list, description=\"Ingredients for /", "language": "Python", "typeref": "typename:List[IngredientOut]", "kind": "variable", "scope": "RecipeDetailOut", "scopeKind": "class"}, {"_type": "tag", "name": "instructions", "path": "/home/kavia/workspace/code-generation/recipe-explorer-200711-200723/backend_fastapi/src/api/main.py", "pattern": "/^    instructions: Optional[str] = Field(None, description=\"Preparation instructions.\")$/", "language": "Python", "typeref": "typename:Optional[str]", "kind": "variable", "scope": "RecipeDetailOut", "scopeKind": "class"}, {"_type": "tag", "name": "list_categories", "path": "/home/kavia/workspace/code-generation/recipe-explorer-200711-200723/backend_fastapi/src/api/main.py", "pattern": "/^def list_categories(db: Session = Depends(get_db)) -> List[CategoryOut]:$/", "language": "Python", "typeref": "typename:List[CategoryOut]", "kind": "function", "signature": "(db: Session = Depends(get_db))"}, {"_type": "tag", "name": "list_ratings", "path": "/home/kavia/workspace/code-generation/recipe-explorer-200711-200723/backend_fastapi/src/api/main.py", "pattern": "/^def list_ratings(id: int, db: Session = Depends(get_db)) -> List[RatingOut]:$/", "language": "Python", "typeref": "typename:List[RatingOut]", "kind": "function", "signature": "(id: int, db: Session = Depends(get_db))"}, {"_type": "tag", "name": "list_recipes", "path": "/home/kavia/workspace/code-generation/recipe-explorer-200711-200723/backend_fastapi/src/api/main.py", "pattern": "/^def list_recipes($/", "language": "Python", "typeref": "typename:Dict[str,Any]", "kind": "function", "signature": "( category_id: Optional[int] = Query(None, description=\"Filter recipes by category ID.\"), ingredient: Optional[str] = Query(None, description=\"Filter recipes containing an ingredient (case-insensitive, partial match).\"), page: int = Query(1, ge=1, description=\"1-based page number.\"), size: int = Query(12, ge=1, le=100, description=\"Page size (max 100).\"), db: Session = Depends(get_db), )"}, {"_type": "tag", "name": "name", "path": "/home/kavia/workspace/code-generation/recipe-explorer-200711-200723/backend_fastapi/src/api/main.py", "pattern": "/^    name: str = Field(..., description=\"Category name.\")$/", "language": "Python", "typeref": "typename:str", "kind": "variable", "scope": "CategoryOut", "scopeKind": "class"}, {"_type": "tag", "name": "name", "path": "/home/kavia/workspace/code-generation/recipe-explorer-200711-200723/backend_fastapi/src/api/main.py", "pattern": "/^    name: str = Field(..., description=\"Ingredient name.\")$/", "language": "Python", "typeref": "typename:str", "kind": "variable", "scope": "IngredientOut", "scopeKind": "class"}, {"_type": "tag", "name": "quantity", "path": "/home/kavia/workspace/code-generation/recipe-explorer-200711-200723/backend_fastapi/src/api/main.py", "pattern": "/^    quantity: Optional[str] = Field(None, description=\"Ingredient quantity for the recipe.\")$/", "language": "Python", "typeref": "typename:Optional[str]", "kind": "variable", "scope": "IngredientOut", "scopeKind": "class"}, {"_type": "tag", "name": "ratings_count", "path": "/home/kavia/workspace/code-generation/recipe-explorer-200711-200723/backend_fastapi/src/api/main.py", "pattern": "/^    ratings_count: int = Field(..., description=\"Number of ratings for the recipe.\")$/", "language": "Python", "typeref": "typename:int", "kind": "variable", "scope": "RecipeDetailOut", "scopeKind": "class"}, {"_type": "tag", "name": "ratings_count", "path": "/home/kavia/workspace/code-generation/recipe-explorer-200711-200723/backend_fastapi/src/api/main.py", "pattern": "/^    ratings_count: int = Field(..., description=\"Number of ratings for the recipe.\")$/", "language": "Python", "typeref": "typename:int", "kind": "variable", "scope": "RecipeListItemOut", "scopeKind": "class"}, {"_type": "tag", "name": "recipe_id", "path": "/home/kavia/workspace/code-generation/recipe-explorer-200711-200723/backend_fastapi/src/api/main.py", "pattern": "/^    recipe_id: int = Field(..., description=\"Recipe ID being rated.\")$/", "language": "Python", "typeref": "typename:int", "kind": "variable", "scope": "RatingOut", "scopeKind": "class"}, {"_type": "tag", "name": "score", "path": "/home/kavia/workspace/code-generation/recipe-explorer-200711-200723/backend_fastapi/src/api/main.py", "pattern": "/^    score: int = Field(..., ge=1, le=5, description=\"Rating score from 1 to 5.\")$/", "language": "Python", "typeref": "typename:int", "kind": "variable", "scope": "RatingCreateIn", "scopeKind": "class"}, {"_type": "tag", "name": "score", "path": "/home/kavia/workspace/code-generation/recipe-explorer-200711-200723/backend_fastapi/src/api/main.py", "pattern": "/^    score: int = Field(..., ge=1, le=5, description=\"Rating score from 1 to 5.\")$/", "language": "Python", "typeref": "typename:int", "kind": "variable", "scope": "RatingOut", "scopeKind": "class"}, {"_type": "tag", "name": "search_recipes", "path": "/home/kavia/workspace/code-generation/recipe-explorer-200711-200723/backend_fastapi/src/api/main.py", "pattern": "/^def search_recipes($/", "language": "Python", "typeref": "typename:List[RecipeListItemOut]", "kind": "function", "signature": "( ingredients: str = Query(..., description=\"Comma-separated list of ingredient names. Matches ALL ingredients.\"), page: int = Query(1, ge=1, description=\"1-based page number.\"), size: int = Query(12, ge=1, le=100, description=\"Page size (max 100).\"), db: Session = Depends(get_db), )"}, {"_type": "tag", "name": "title", "path": "/home/kavia/workspace/code-generation/recipe-explorer-200711-200723/backend_fastapi/src/api/main.py", "pattern": "/^    title: str = Field(..., description=\"Recipe title.\")$/", "language": "Python", "typeref": "typename:str", "kind": "variable", "scope": "RecipeDetailOut", "scopeKind": "class"}, {"_type": "tag", "name": "title", "path": "/home/kavia/workspace/code-generation/recipe-explorer-200711-200723/backend_fastapi/src/api/main.py", "pattern": "/^    title: str = Field(..., description=\"Recipe title.\")$/", "language": "Python", "typeref": "typename:str", "kind": "variable", "scope": "RecipeListItemOut", "scopeKind": "class"}, {"_type": "tag", "name": "user_name", "path": "/home/kavia/workspace/code-generation/recipe-explorer-200711-200723/backend_fastapi/src/api/main.py", "pattern": "/^    user_name: str = Field(..., description=\"User display name.\")$/", "language": "Python", "typeref": "typename:str", "kind": "variable", "scope": "RatingOut", "scopeKind": "class"}, {"_type": "tag", "name": "user_name", "path": "/home/kavia/workspace/code-generation/recipe-explorer-200711-200723/backend_fastapi/src/api/main.py", "pattern": "/^    user_name: str = Field(..., min_length=1, max_length=100, description=\"Display name of the u/", "language": "Python", "typeref": "typename:str", "kind": "variable", "scope": "RatingCreateIn", "scopeKind": "class"}], "hash": "31cd2fb25cf35100d00c167a172cdc2c", "format-version": 4, "code-base-name": "backend_fastapi", "filename": "backend_fastapi/src/api/main.py", "fields": [{"name": "ENGINE = _build_engine()", "scope": "", "scopeKind": "", "description": "unavailable"}, {"name": "OPENAPI_TAGS = [", "scope": "", "scopeKind": "", "description": "unavailable"}, {"name": "SessionLocal = sessionmaker(bind=ENGINE, autocommit=False, autoflush=False)", "scope": "", "scopeKind": "", "description": "unavailable"}, {"name": "app = FastAPI(", "scope": "", "scopeKind": "", "description": "unavailable"}, {"name": "Optional[float] avg_rating", "scope": "RecipeDetailOut", "scopeKind": "class", "description": "unavailable"}, {"name": "Optional[int] category_id", "scope": "RecipeDetailOut", "scopeKind": "class", "description": "unavailable"}, {"name": "Optional[str] category_name", "scope": "RecipeDetailOut", "scopeKind": "class", "description": "unavailable"}, {"name": "Optional[str] comment", "scope": "RatingOut", "scopeKind": "class", "description": "unavailable"}, {"name": "str created_at", "scope": "RatingOut", "scopeKind": "class", "description": "unavailable"}, {"name": "Optional[str] description", "scope": "RecipeDetailOut", "scopeKind": "class", "description": "unavailable"}, {"name": "frontend_origin = os.getenv(\"FRONTEND_ORIGIN\", \"http:\\/\\/localhost:3000\")", "scope": "", "scopeKind": "", "description": "unavailable"}, {"name": "int id", "scope": "CategoryOut", "scopeKind": "class", "description": "unavailable"}, {"name": "List[IngredientOut] ingredients", "scope": "RecipeDetailOut", "scopeKind": "class", "description": "unavailable"}, {"name": "Optional[str] instructions", "scope": "RecipeDetailOut", "scopeKind": "class", "description": "unavailable"}, {"name": "str name", "scope": "CategoryOut", "scopeKind": "class", "description": "unavailable"}, {"name": "Optional[str] quantity", "scope": "IngredientOut", "scopeKind": "class", "description": "unavailable"}, {"name": "int ratings_count", "scope": "RecipeDetailOut", "scopeKind": "class", "description": "unavailable"}, {"name": "int recipe_id", "scope": "RatingOut", "scopeKind": "class", "description": "unavailable"}, {"name": "int score", "scope": "RatingCreateIn", "scopeKind": "class", "description": "unavailable"}, {"name": "str title", "scope": "RecipeDetailOut", "scopeKind": "class", "description": "unavailable"}, {"name": "str user_name", "scope": "RatingOut", "scopeKind": "class", "description": "unavailable"}]}