{"is_source_file": true, "format": "Python", "description": "This file generates and writes the OpenAPI schema to a JSON file within the project.", "external_files": ["interfaces/openapi.json"], "external_methods": ["app.openapi()"], "published": [], "classes": [], "methods": [{"name": "app.openapi", "description": "Method call to retrieve the OpenAPI schema from the FastAPI application"}], "calls": ["app.openapi()", "os.makedirs", "os.path.join", "json.dump"], "search-terms": ["generate_openapi", "openapi_schema", "FastAPI", "schema", "interfaces"], "state": 2, "file_id": 1, "knowledge_revision": 9, "git_revision": "100ec9209587222e4e84a23eb5980493aec53880", "ctags": [{"_type": "tag", "name": "openapi_schema", "path": "/home/kavia/workspace/code-generation/recipe-explorer-200711-200723/backend_fastapi/src/api/generate_openapi.py", "pattern": "/^openapi_schema = app.openapi()$/", "language": "Python", "kind": "variable"}, {"_type": "tag", "name": "output_dir", "path": "/home/kavia/workspace/code-generation/recipe-explorer-200711-200723/backend_fastapi/src/api/generate_openapi.py", "pattern": "/^output_dir = \"interfaces\"$/", "language": "Python", "kind": "variable"}, {"_type": "tag", "name": "output_path", "path": "/home/kavia/workspace/code-generation/recipe-explorer-200711-200723/backend_fastapi/src/api/generate_openapi.py", "pattern": "/^output_path = os.path.join(output_dir, \"openapi.json\")$/", "language": "Python", "kind": "variable"}], "hash": "61e3715e79bc397fab3e70f503a41417", "format-version": 4, "code-base-name": "backend_fastapi", "filename": "backend_fastapi/src/api/generate_openapi.py", "fields": [{"name": "openapi_schema = app.openapi()", "scope": "", "scopeKind": "", "description": "unavailable"}, {"name": "output_dir = \"interfaces\"", "scope": "", "scopeKind": "", "description": "unavailable"}, {"name": "output_path = os.path.join(output_dir, \"openapi.json\")", "scope": "", "scopeKind": "", "description": "unavailable"}], "revision_history": [{"9": "100ec9209587222e4e84a23eb5980493aec53880"}]}