{"is_source_file": true, "format": "Python", "description": "This file is the main entry point for a FastAPI web server. It imports FastAPI and CORS middleware, creates an application instance, configures CORS settings, and defines a simple health check endpoint at the root path.", "external_files": ["fastapi", "fastapi.middleware.cors"], "external_methods": ["FastAPI", "CORSMiddleware", "app.add_middleware", "app.get"], "published": ["app"], "classes": [], "methods": [{"name": "health_check()", "description": "Defines a GET endpoint at root path '/' that returns a JSON message indicating the service is healthy.", "scope": "", "scopeKind": ""}], "calls": ["app.add_middleware", "app.get"], "search-terms": ["FastAPI", "CORS", "health check", "main.py", "backend_fastapi"], "state": 2, "file_id": 3, "knowledge_revision": 8, "git_revision": "100ec9209587222e4e84a23eb5980493aec53880", "ctags": [{"_type": "tag", "name": "app", "path": "/home/kavia/workspace/code-generation/recipe-explorer-200711-200723/backend_fastapi/src/api/main.py", "pattern": "/^app = FastAPI()$/", "language": "Python", "kind": "variable"}, {"_type": "tag", "name": "health_check", "path": "/home/kavia/workspace/code-generation/recipe-explorer-200711-200723/backend_fastapi/src/api/main.py", "pattern": "/^def health_check():$/", "language": "Python", "kind": "function", "signature": "()"}], "hash": "58352bf5f133908bab16643199aa483d", "format-version": 4, "code-base-name": "backend_fastapi", "filename": "backend_fastapi/src/api/main.py", "fields": [{"name": "app = FastAPI()", "scope": "", "scopeKind": "", "description": "unavailable"}], "revision_history": [{"8": "100ec9209587222e4e84a23eb5980493aec53880"}]}